"id","name","url","segment","decision","priority","fit","preferred_asset","existing_ledger_id","verification"
"raising-athletes-kirsten-jones","Raising Athletes podcast","https://www.kirstenjonesinc.com/","podcast","retain_current","P1","Youth sports parent audience and mindset","author reveal or parent-coach scripts","raising-athletes-kirsten-jones","verified_2026-08-03"
"parents-in-sport-gordon-maclelland","Parents in Sport Podcast","https://www.parentsinsport.co.uk/","podcast","retain_current","P1","Direct parent-in-sport audience","author reveal or conversation cards","parents-in-sport-gordon-maclelland","verified_2026-08-03"
"pure-athlete-podcast","The Pure Athlete Podcast","https://pureathleteinc.com/","podcast","retain_current","P1","Youth athlete development and parent audience","author reveal or Parent Pulse","pure-athlete-podcast-francoeur-lee-williams","verified_2026-08-03"
"youth-sports-parenting-tribe","Youth Sports Parenting Tribe","https://podcasts.apple.com/us/podcast/the-youth-sports-parenting-tribe/id1696571989","podcast","retain_current","P1","Exact audience overlap","author reveal or scripts","youth-sports-parenting-tribe-hernan-chousa","verified_2026-08-03"
"healthy-sports-parents","Healthy Sports Parents","https://healthysportsparents.com/","podcast","retain_current","P1","Parent behavior and athlete development","scripts or burnout guide","healthy-sports-parents-jonathan-carone","verified_2026-08-03"
"our-kids-play-hockey","Our Kids Play Hockey","https://www.ourkidsplayhockey.com/","podcast","retain_current","P1","Sport-specific parent audience","hockey cost and safety guides","our-kids-play-hockey-podcast","verified_2026-08-03"
"changing-the-game-project","Changing the Game Project","https://changingthegameproject.com/","youth_sports_nonprofit","retain_current","P0","Closest editorial and audience fit","Parent Pulse or scripts","changing-the-game-project-john-osullivan","verified_2026-08-03"
"project-play","Aspen Institute Project Play","https://projectplay.org/","youth_sports_nonprofit","retain_current","P0","Participation and retention policy overlap","Family Cost Index or Parent Pulse","project-play-aspen-institute-tom-farrey","verified_2026-08-03"
"nyt-john-branch","John Branch at The New York Times","https://www.nytimes.com/by/john-branch","press","retain_current","P2","Only for a nationally newsworthy original story","Parent Pulse or author reveal","nyt-john-branch","verified_2026-08-03"
"the-athletic-rob-rossi","Rob Rossi at The Athletic","https://www.nytimes.com/athletic/","press","retain_current","P2","Needs a current beat-specific angle","safety research or author reveal","the-athletic-rob-rossi","verified_2026-08-03"
"melissa-isaacson","Melissa Isaacson","https://melissaisaacson.com/","press","rescope","P2","Former ESPNw target needs a current independent fit","girls sports data","espnw-missy-isaacson","verify_before_outreach"
"news-tribune-tacoma","The News Tribune Tacoma high school sports","https://www.thenewstribune.com/sports/high-school/","local_press","retain_current","P0","Local coach and parent resource story","Family Cost Index or author reveal","news-tribune-tacoma-preps","verified_2026-08-03"
"seattle-times-high-school","The Seattle Times high school sports","https://www.seattletimes.com/sports/high-school/","regional_press","retain_current","P1","Regional youth and high school sports","Family Cost Index or safety matrix","seattle-times-high-school-sports","verified_2026-08-03"
"fatherly","Fatherly","https://www.fatherly.com/","parent_media","retain_current","P1","National parent audience with sports fit","scripts or Parent Pulse","fatherly","verified_2026-08-03"
"motherly","Motherly","https://mother.ly/","parent_media","retain_current","P1","National parent audience","cost index or season kit","motherly","verified_2026-08-03"
"wiaa-health-wellness","WIAA Health and Wellness","https://www.wiaa.com/health-wellness/","state_governing_body","retain_current","P0","Washington parent safety companion","safety readiness matrix","wiaa-health-wellness","verified_2026-08-03"
"washington-youth-soccer","Washington Youth Soccer","https://washingtonyouthsoccer.org/resources/concussion-sudden-cardiac-arrest-awareness/","state_governing_body","retain_current","P0","Exact parent safety resource gap","soccer and concussion guides","washington-youth-soccer-concussion-awareness","verified_2026-08-03"
"special-olympics-washington","Special Olympics Washington Unified Champion Schools","https://specialolympicswashington.org/unified/unified-champion-schools/","state_nonprofit","retain_current","P0","Exact inclusion audience","Unified Sports parent guide","special-olympics-washington-unified-champion-schools","verified_2026-08-03"
"usa-football-health-safety","USA Football Health and Safety","https://usafootball.com/health-safety","national_governing_body","retain_current","P1","Football parent safety fit","football safety readiness matrix","usa-football-health-safety","verified_2026-08-03"
"adaptive-sports-nw","Adaptive Sports Northwest","https://adaptivesportsnw.org/","regional_nonprofit","retain_current","P0","Exact adaptive-sports parent audience","adaptive sports guides","adaptive-sports-nw","verified_2026-08-03"
"tacoma-public-schools-unified","Tacoma Public Schools Unified Sports","https://www.tacomaschools.org/departments/athletics-and-activities/unified-sports","school_district","research","P0","Local inclusion resource page","Unified Sports parent guide","","verify_before_outreach"
"metro-parks-tacoma-youth-sports","Metro Parks Tacoma youth sports","https://www.metroparkstacoma.org/activities-and-sports/category/youth-sports/","parks_recreation","research","P0","Local youth-sports families","first-season kit or calendar","","verify_before_outreach"
"pierce-county-parks-youth-sports","Pierce County Parks youth sports","https://www.piercecountywa.gov/1308/Youth-Sports","parks_recreation","research","P1","Local parent and coach audience","first-season kit or safety matrix","","verify_before_outreach"
"seattle-parks-athletics","Seattle Parks and Recreation athletics","https://www.seattle.gov/parks/recreation/sports","parks_recreation","research","P1","Regional family sports resources","season kit or cost calculator","","verify_before_outreach"
"washington-state-pta","Washington State PTA","https://www.wastatepta.org/","pta","research","P0","Parent resource and school distribution","first-season kit or safety matrix","","verify_before_outreach"
"tacoma-public-library","Tacoma Public Library","https://www.tacomalibrary.org/","library","research","P1","Local family resource curation","printable scripts or season kit","","verify_before_outreach"
"pierce-county-library","Pierce County Library System","https://www.piercecountylibrary.org/","library","research","P1","Regional parent resource audience","printable scripts or cost guide","","verify_before_outreach"
"parentmap","ParentMap","https://www.parentmap.com/","regional_parent_media","research","P0","Pacific Northwest parenting audience","Family Cost Index or season kit","","verify_before_outreach"
"seattles-child","Seattle's Child","https://www.seattleschild.com/","regional_parent_media","research","P0","Regional family and activity audience","cost calculator or camp decision guide","","verify_before_outreach"
"greater-tacoma-community-foundation","Greater Tacoma Community Foundation","https://www.gtcf.org/","community_foundation","research","P2","Local family and nonprofit connection","Parent Pulse or access-cost research","","verify_before_outreach"
"ymca-pierce-kitsap","YMCA of Pierce and Kitsap Counties","https://www.ymcapkc.org/","community_nonprofit","research","P1","Local youth program audience","first-season kit or safety matrix","","verify_before_outreach"
"boys-girls-clubs-south-puget-sound","Boys and Girls Clubs of South Puget Sound","https://www.bgcsps.org/","community_nonprofit","research","P1","Local youth and parent audience","conversation cards or season kit","","verify_before_outreach"
"special-olympics-national","Special Olympics","https://www.specialolympics.org/","national_nonprofit","research","P1","National inclusion resources","Unified Sports parent guide","","verify_before_outreach"
"every-kid-sports","Every Kid Sports","https://everykidsports.org/","access_nonprofit","research","P0","Youth-sports access and cost overlap","Family Cost Index or cost calculator","","verify_before_outreach"
"womens-sports-foundation","Women's Sports Foundation","https://www.womenssportsfoundation.org/","sports_nonprofit","research","P1","Girls participation and equity","girls participation data","","verify_before_outreach"
"girls-on-the-run","Girls on the Run","https://www.girlsontherun.org/","sports_nonprofit","research","P1","Parent and youth development audience","conversation cards or burnout guide","","verify_before_outreach"
"national-alliance-youth-sports","National Alliance for Youth Sports","https://www.nays.org/","youth_sports_nonprofit","research","P0","Coach and parent education fit","scripts or safety matrix","","verify_before_outreach"
"national-council-youth-sports","National Council of Youth Sports","https://ncys.org/","youth_sports_nonprofit","research","P0","National youth-sports member network","Parent Pulse or safety matrix","","verify_before_outreach"
"positive-coaching-alliance","Positive Coaching Alliance","https://positivecoach.org/","youth_sports_nonprofit","research","P0","Exact parent-coach education fit","scripts or conversation cards","","verify_before_outreach"
"nfhs","National Federation of State High School Associations","https://www.nfhs.org/","governing_body","research","P1","Rules and safety source overlap","annual rules-change digest","","verify_before_outreach"
"little-league","Little League","https://www.littleleague.org/","governing_body","research","P0","PCD already cites it and serves its parents","baseball rules and first-season kit","","verify_before_outreach"
"babe-ruth-league","Babe Ruth League","https://www.baberuthleague.org/","governing_body","research","P1","Baseball and softball families","rules and equipment guide","","verify_before_outreach"
"pony-baseball-softball","PONY Baseball and Softball","https://www.pony.org/","governing_body","research","P1","Baseball and softball families","rules and equipment guide","","verify_before_outreach"
"ayso","American Youth Soccer Organization","https://ayso.org/","governing_body","research","P0","Large parent and volunteer-coach audience","soccer first-season kit","","verify_before_outreach"
"us-youth-soccer","US Youth Soccer","https://www.usyouthsoccer.org/","governing_body","research","P0","National youth soccer parents","soccer rules and safety guide","","verify_before_outreach"
"us-soccer","U.S. Soccer","https://www.ussoccer.com/","governing_body","research","P1","PCD already cites it","soccer rules explainer","","verify_before_outreach"
"pop-warner","Pop Warner Little Scholars","https://www.popwarner.com/","governing_body","research","P1","Football and cheer parent audience","football safety and cost guide","","verify_before_outreach"
"usa-basketball","USA Basketball","https://www.usab.com/","governing_body","research","P1","Basketball parent audience","basketball rules guide","","verify_before_outreach"
"usa-volleyball","USA Volleyball","https://usavolleyball.org/","governing_body","research","P0","Volleyball parent and coach audience","volleyball rules and first-season guide","","verify_before_outreach"
"jva-volleyball","Junior Volleyball Association","https://jvavolleyball.org/","governing_body","research","P0","Club volleyball parent audience","volleyball cost or club guide","","verify_before_outreach"
"usa-softball","USA Softball","https://www.usasoftball.com/","governing_body","research","P1","PCD already cites it","softball rules and bat guide","","verify_before_outreach"
"usa-hockey","USA Hockey","https://www.usahockey.com/","governing_body","research","P1","PCD already cites it","hockey cost and safety guide","","verify_before_outreach"
"usa-lacrosse","USA Lacrosse","https://www.usalacrosse.com/","governing_body","research","P1","PCD already cites it","lacrosse rules and equipment guide","","verify_before_outreach"
"usa-swimming","USA Swimming","https://www.usaswimming.org/","governing_body","research","P1","Swimming parent audience","swim first-season guide","","verify_before_outreach"
"usatf","USA Track and Field","https://www.usatf.org/","governing_body","research","P1","PCD already cites it","track first-season guide","","verify_before_outreach"
"usta","United States Tennis Association","https://www.usta.com/","governing_body","research","P1","Tennis parent audience","tennis first-season guide","","verify_before_outreach"
"usa-gymnastics","USA Gymnastics","https://usagym.org/","governing_body","research","P1","PCD already cites it","gymnastics parent guide","","verify_before_outreach"
"usa-wrestling","USA Wrestling","https://www.themat.com/","governing_body","research","P1","PCD already cites it","wrestling parent guide","","verify_before_outreach"
"usa-cheer","USA Cheer","https://www.usacheer.org/","governing_body","research","P1","PCD already cites it","cheer safety guide","","verify_before_outreach"
"usasf","U.S. All Star Federation","https://www.usasf.net/","governing_body","research","P1","All-star cheer and dance families","cheer and dance parent guide","","verify_before_outreach"
"usrowing","USRowing","https://usrowing.org/","governing_body","research","P2","Crew parent audience","crew first-season guide","","verify_before_outreach"
"us-figure-skating","U.S. Figure Skating","https://www.usfigureskating.org/","governing_body","research","P2","Figure skating family audience","cost and pathway guide","","verify_before_outreach"
"healthychildren","HealthyChildren from AAP","https://www.healthychildren.org/","health_safety","research","P1","Parent health and safety authority","reviewed safety companion","","verify_before_outreach"
"cdc-heads-up","CDC HEADS UP","https://www.cdc.gov/heads-up/","health_safety","research","P1","Concussion source and parent audience","concussion decision guide","","verify_before_outreach"
"nata","National Athletic Trainers' Association","https://www.nata.org/","health_safety","research","P1","Sports safety and athletic training","safety readiness matrix","","verify_before_outreach"
"korey-stringer-institute","Korey Stringer Institute","https://ksi.uconn.edu/","health_safety","research","P1","Heat and sport safety expertise","heat decision tree","","verify_before_outreach"
"safe-kids-worldwide","Safe Kids Worldwide","https://www.safekids.org/","health_safety","research","P1","Child injury prevention audience","sports safety kit","","verify_before_outreach"
"stop-sports-injuries","STOP Sports Injuries","https://www.stopsportsinjuries.org/","health_safety","research","P1","Youth sports injury prevention","reviewed injury-prevention guide","","verify_before_outreach"
"us-center-safesport","U.S. Center for SafeSport","https://uscenterforsafesport.org/","child_safety","research","P0","Parent and coach abuse-prevention resources","parent reporting and boundaries guide","","verify_before_outreach"
"american-red-cross","American Red Cross","https://www.redcross.org/","health_safety","research","P2","PCD already cites first-aid resources","field readiness checklist","","verify_before_outreach"
"american-heart-cpr","American Heart Association CPR","https://cpr.heart.org/","health_safety","research","P1","AED and CPR parent readiness","AED readiness guide","","verify_before_outreach"
"stopbullying","StopBullying.gov","https://www.stopbullying.gov/","child_safety","research","P1","Exact bullying parent audience","bullying response scripts","","verify_before_outreach"
"jed-foundation","The Jed Foundation","https://jedfoundation.org/","mental_health","research","P1","Youth mental health and parent support","burnout and help-seeking guide","","verify_before_outreach"
"qwoted","Qwoted","https://www.qwoted.com/","journalist_source","use_now","P1","Expert-source opportunities for Jeff","expert bio and relevant asset","","verified_2026-08-03"
"featured","Featured","https://featured.com/expert-questions","journalist_source","restricted_free_pilot","P2","Potential expert placements but paid features require approval","expert bio and relevant asset","","verified_2026-08-03"
"source-of-sources","Source of Sources","https://www.sourceofsources.com/","journalist_source","use_now","P1","Journalist query distribution","expert bio and relevant asset","","verified_2026-08-03"
"help-a-b2b-writer","Help a B2B Writer","https://helpab2bwriter.com/","journalist_source","conditional","P2","Mostly B2B but useful for coaching leadership or SaaS operations","expert bio or technical case study","","verified_2026-08-03"
"chrome-web-store","Chrome Web Store","https://chromewebstore.google.com/","startup_platform","conditional_product","P2","Only if PCD ships a useful extension","extension landing page","","verify_at_execution"
"forbes","Forbes","https://www.forbes.com/","earned_media","earned_only","P2","Only original data or real news","Family Cost Index or Parent Pulse","","verify_at_execution"
"github-pages","GitHub Pages","https://pages.github.com/","developer_platform","conditional_asset","P1","Only for real public docs or data","methodology or open dataset","","verify_at_execution"
"trustradius","TrustRadius","https://www.trustradius.com/","software_reviews","conditional_customers","P2","Needs a reviewable software product and real customers","product page","","verify_at_execution"
"alternativeto","AlternativeTo","https://alternativeto.net/","software_directory","conditional_product","P2","Needs a comparable public software tool","tool landing page","","verify_at_execution"
"sourceforge","SourceForge","https://sourceforge.net/","software_directory","conditional_oss","P2","Only for maintained downloadable or open-source software","project page","","verify_at_execution"
"gumroad","Gumroad","https://gumroad.com/","commerce_platform","conditional_product","P2","Only for a real downloadable product","download landing page","","verify_at_execution"
"substack","Substack","https://substack.com/","newsletter_platform","use_excerpt","P1","Distinct newsletter or excerpt distribution","newsletter or source article","","verify_at_execution"
"indie-page","Indie Page","https://indiepa.ge/","startup_directory","conditional_launch","P2","Founder profile only if active and accurate","product page","","verify_at_execution"
"privacy-tools","Privacy Tools","https://www.privacytools.io/","privacy_directory","no_current_fit","defer","PCD is not a privacy tool","none","","verify_at_execution"
"oss-gallery","OSS Gallery","https://oss.gallery/","software_directory","conditional_oss","P2","Only for a maintained open-source artifact","open-source project","","verify_at_execution"
"yelp","Yelp","https://www.yelp.com/","local_directory","no_current_fit","defer","Online publication has no proven local storefront","none","","verify_at_execution"
"alternative-me","Alternative Me","https://alternative.me/","software_directory","conditional_product","P2","Only if a relevant active category exists","tool landing page","","verify_at_execution"
"saashub","SaaSHub","https://www.saashub.com/","software_directory","conditional_product","P2","Needs a public software product","tool landing page","","verify_at_execution"
"hubpages","HubPages","https://hubpages.com/","syndication_platform","low_priority","defer","Owned or canonical syndication is cleaner","distinct commentary","","verify_at_execution"
"yourstory","YourStory","https://yourstory.com/","earned_media","earned_only","P2","Needs a relevant founder or growth story","verified milestone","","verify_at_execution"
"medium","Medium","https://medium.com/","syndication_platform","use_canonical_import","P1","Official import supports original canonical","selected article","","verified_2026-08-03"
"trustmrr","TrustMRR","https://trustmrr.com/","revenue_directory","conditional_revenue","P2","Only with verifiable revenue and product facts","public metrics page","","verify_at_execution"
"crunchbase","Crunchbase","https://www.crunchbase.com/","entity_profile","use_now","P1","Truthful company entity profile","homepage or company page","","verify_at_execution"
"seo-wins","SEO Wins","https://seowins.io/","earned_media","verify_quality","P2","Only a transparent evidence-backed case study","SEO case study","","verify_at_execution"
"github","GitHub","https://github.com/","developer_platform","use_real_projects","P1","Public methodology code or datasets","repository and docs","","verify_at_execution"
"imgur","Imgur","https://imgur.com/","image_platform","referral_only","defer","Only original visual resources with real use","visual asset","","verify_at_execution"
"pinterest","Pinterest","https://www.pinterest.com/","visual_search","use_now","P0","Strong fit for checklists calendars and scripts","exact resource page","","verify_at_execution"
"flickr","Flickr","https://www.flickr.com/","image_platform","conditional_original_media","P2","Only original rights-cleared photography","media resource page","","verify_at_execution"
"pixabay","Pixabay","https://pixabay.com/","image_platform","conditional_original_media","P2","Only if contributing genuinely reusable original visuals","media resource page","","verify_at_execution"
"pexels","Pexels","https://www.pexels.com/","image_platform","conditional_original_media","P2","Only if contributing genuinely reusable original visuals","media resource page","","verify_at_execution"
"reddit","Reddit","https://www.reddit.com/","community","answer_first","P1","Referral and brand discovery when genuinely helpful","exact article or tool","","verify_at_execution"
"quora","Quora","https://www.quora.com/","community","answer_first","P2","Referral only after a complete useful answer","exact article or tool","","verify_at_execution"
"goodreads","Goodreads","https://www.goodreads.com/","book_platform","conditional_book","P2","Only after a real published book or author page","book or author page","","verify_at_execution"
"tiny-startups","Tiny Startups","https://www.tinystartups.com/","startup_directory","conditional_launch","P2","Only for a real product milestone","tool landing page","","verify_at_execution"
"hackernoon","HackerNoon","https://hackernoon.com/","earned_media","earned_technical","P2","Genuine engineering or founder contribution","technical case study","","verify_at_execution"
"tinylaunch","TinyLaunch","https://tinylaunch.com/","startup_directory","conditional_launch","P2","Verify activity and launch fit","tool landing page","","verify_at_execution"
"hacker-news","Hacker News","https://news.ycombinator.com/","community","newsworthy_only","P2","Only Show HN or substantive technical discussion","working public tool or dataset","","verify_at_execution"
"foundr","Foundr","https://foundr.com/","earned_media","earned_only","P2","Needs a strong founder or business lesson","verified milestone","","verify_at_execution"
"the-hustle","The Hustle","https://thehustle.co/","earned_media","earned_only","P2","Needs a compelling data or business story","Family Cost Index or business case","","verify_at_execution"
"growthmentor","GrowthMentor","https://www.growthmentor.com/","founder_community","conditional_contribution","P2","Participate only with authentic expertise","founder profile","","verify_at_execution"
"dzone","DZone","https://dzone.com/","technical_media","conditional_technical","P2","Only a genuine engineering contribution","technical case study","","verify_at_execution"
"smashing-magazine","Smashing Magazine","https://www.smashingmagazine.com/","technical_media","earned_only","P2","Only an exceptional UX accessibility or web lesson","technical case study","","verify_at_execution"
"product-hunt","Product Hunt","https://www.producthunt.com/","product_launch","conditional_live_launch","P1","Launch a live polished tool not the editorial homepage","interactive tool","","verified_2026-08-03"
"betalist","BetaList","https://betalist.com/","product_launch","conditional_beta","P2","Only when a usable beta exists","beta landing page","","verify_at_execution"
"makerpad","MakerPad","https://www.makerpad.co/","maker_community","verify_current_state","P2","Ownership and activity may have changed","automation case study","","verify_at_execution"
"stackshare","StackShare","https://stackshare.io/","developer_profile","conditional_stack","P2","Truthful maintained stack story","public architecture page","","verify_at_execution"
"peerspot","PeerSpot","https://www.peerspot.com/","software_reviews","conditional_customers","P2","Needs reviewable software and real customers","product page","","verify_at_execution"
"toolify-ai","Toolify AI","https://www.toolify.ai/","ai_directory","conditional_ai_product","P2","Only a working public AI capability","AI feature page","","verify_at_execution"
"wip","WIP","https://wip.co/","maker_community","conditional_launch","P2","Founder build-in-public only","product milestone","","verify_at_execution"
"vocal-media","Vocal Media","https://vocal.media/","syndication_platform","low_priority","defer","Owned or canonical distribution first","distinct commentary","","verify_at_execution"
"techcrunch","TechCrunch","https://techcrunch.com/","earned_media","earned_only","P2","Only genuine technology news or original data","major product milestone","","verify_at_execution"
"venturebeat","VentureBeat","https://venturebeat.com/","earned_media","earned_only","P2","Only genuine technology or AI news","major product milestone","","verify_at_execution"
"starter-story","Starter Story","https://www.starterstory.com/","founder_media","conditional_traction","P2","Needs transparent traction and founder story","verified case study","","verify_at_execution"
"niche-pursuits","Niche Pursuits","https://www.nichepursuits.com/","earned_media","conditional_case_study","P2","Only a transparent publishing or SEO case study","verified case study","","verify_at_execution"
"founder-reports","Founder Reports","https://founderreports.com/","founder_media","conditional_traction","P2","Needs verifiable founder evidence","verified milestone","","verify_at_execution"
"milestones","Milestones","https://milestones.to/","startup_directory","verify_current_state","P2","Verify active submission path","product milestone","","verify_at_execution"
"boring-cash-cow","Boring Cash Cow","https://boringcashcow.com/","founder_media","conditional_revenue","P2","Only with verifiable business metrics","verified case study","","verify_at_execution"
"micro-founder","Micro Founder","https://microfounder.com/","founder_media","verify_current_state","P2","Verify activity and fit","verified founder profile","","verify_at_execution"
"failory","Failory","https://www.failory.com/","founder_media","conditional_story","P2","Only an honest failure or startup lesson","verified case study","","verify_at_execution"
"revenue-memo","Revenue Memo","https://www.revenuememo.com/","growth_media","conditional_case_study","P2","Needs a strong growth or SEO lesson","verified case study","","verify_at_execution"
"latka","GetLatka","https://getlatka.com/","revenue_directory","conditional_revenue","P2","Only with verifiable SaaS revenue facts","public metrics page","","verify_at_execution"
"builder-society","Builder Society","https://buildersociety.com/","founder_community","conditional_contribution","P2","Community participation not profile spam","relevant build lesson","","verify_at_execution"
"indie-niche","Indie Niche","https://indie-niche.com/","startup_directory","verify_quality","P2","Verify current activity and editorial quality","product page","","verify_at_execution"
"indie-hackers","Indie Hackers","https://www.indiehackers.com/","founder_community","use_authentic_story","P1","Build story and transparent learning","founder post or tool","","verify_at_execution"
"fandom","Fandom","https://www.fandom.com/","wiki_platform","no_self_promotion","defer","Only independent encyclopedic need","none","","verify_at_execution"
"hashnode","Hashnode","https://hashnode.com/","technical_platform","conditional_technical","P2","Only genuine public engineering content","technical case study","","verify_at_execution"
"mixergy","Mixergy","https://mixergy.com/","podcast","conditional_traction","P2","Needs a strong founder and traction story","verified milestone","","verify_at_execution"
"first-round-review","First Round Review","https://review.firstround.com/","earned_media","earned_only","P2","Only a distinctive operational insight with proof","verified case study","","verify_at_execution"
"blogger","Blogger","https://www.blogger.com/","syndication_platform","low_priority","defer","Owned or canonical distribution first","distinct commentary","","verify_at_execution"
"appsumo-blog","AppSumo Blog","https://appsumo.com/blog/","earned_media","conditional_product","P2","Only a relevant software or founder contribution","tool or case study","","verify_at_execution"
"wikihow","wikiHow","https://www.wikihow.com/","contributor_platform","editorial_rules_only","P2","Contribute expertise without forced self-citation","neutral how-to expertise","","verify_at_execution"
"devto","DEV Community","https://dev.to/","technical_platform","conditional_technical","P2","Only genuine technical content","technical case study","","verify_at_execution"
"saastr","SaaStr","https://www.saastr.com/","earned_media","conditional_saas_traction","P2","Only after real SaaS growth evidence","verified product case study","","verify_at_execution"
"founderpass","FounderPass","https://www.founderpass.com/","founder_community","conditional_profile","P2","Accurate founder profile and contribution","company profile","","verify_at_execution"
"entrepreneur","Entrepreneur","https://www.entrepreneur.com/","earned_media","earned_only","P2","Only a strong founder or data story","verified milestone","","verify_at_execution"
"indie-bites","Indie Bites","https://indiebites.com/","founder_media","conditional_story","P2","Founder story with transparent facts","verified milestone","","verify_at_execution"
"saas-club","SaaS Club","https://www.saasclub.io/","founder_community","conditional_saas","P2","Only if PCD software traction fits","verified product story","","verify_at_execution"
"my-first-million","My First Million","https://www.mfmpod.com/","podcast","earned_only","P2","Only a nationally interesting business or data story","major verified milestone","","verify_at_execution"
"wikipedia","Wikipedia","https://www.wikipedia.org/","encyclopedia","no_self_placement","avoid","Independent notability and editor judgment required","none","","verify_at_execution"
